

User:
Insert into User(Username, Password, IsAdmin) Values('admin', '0192023a7bbd73250516f069df18b500', true);
Insert into User(Username, Password, IsAdmin) Values('kparker', '09e5af83d93166c76b351d52a8fe69b5', true);
Insert into User(Username, Password, IsAdmin) Values('eoneil', '6b11eaa6bbd19c856b59688fae281d56', true);
Insert into User(Username, Password, IsAdmin) Values('commuter14', '439c7fd92969510d873330e327c0f64d', FALSE);
Insert into User(Username, Password, IsAdmin) Values('busrider73', '0e63f5aa002eca0b0e293ee6b733c50a', FALSE);
Insert into User(Username, Password, IsAdmin) Values('sandrapatel', '63c9e8af485ed2e845d29c2874e584ea', FALSE);
Insert into User(Username, Password, IsAdmin) Values('ignacio.john', '6f5de409600e6ac40b8e7698bbd004f6', FALSE);
Insert into User(Username, Password, IsAdmin) Values('riyoy1996', '7039e7594e4f4fd6789e9810150e64b9', FALSE);
Insert into User(Username, Password, IsAdmin) Values('kellis', '370133f7117dc65e277d6dbb858450c1', FALSE);
Insert into User(Username, Password, IsAdmin) Values('ashton.woods', '27465020c9ea11fc41fac2af1daeba5f', FALSE);
Insert into User(Username, Password, IsAdmin) Values('adinozzo', 'c67e443eaa780debf5ee2d71a2a7dc39', FALSE);





Passenger:
Insert into Passenger(Username, Email) Values('commuter14', 'LeonBarnes@superrito.com');
Insert into Passenger(Username, Email) Values('busrider73', 'lena.wexler@dayrep.com');
Insert into Passenger(Username, Email) Values('sandrapatel', 'sandra74@jourrapide.com');
Insert into Passenger(Username, Email) Values('ignacio.john', 'john@iconsulting.com');
Insert into Passenger(Username, Email) Values('riyoy1996', 'yamada.riyo@navy.mil.gov');
Insert into Passenger(Username, Email) Values('kellis', 'kateellis@gatech.edu');
Insert into Passenger(Username, Email) Values('ashton.woods', 'awoods30@gatech.edu');
Insert into Passenger(Username, Email) Values('adinozzo', 'anthony.dinozzo@ncis.mil.gov');


Breezecard:

Insert into Breezecard(BreezecardNum, Value, BelongsTo) Values('0919948381768459', 126.50, 'commuter14');
Insert into Breezecard(BreezecardNum, Value, BelongsTo) Values('1788613719481390', 127.00, 'busrider73');
Insert into Breezecard(BreezecardNum, Value, BelongsTo) Values('2792083965359460', 20.00, 'sandrapatel');
Insert into Breezecard(BreezecardNum, Value, BelongsTo) Values('0524807425551662', 59.50, 'ignacio.john');
Insert into Breezecard(BreezecardNum, Value, BelongsTo) Values('7792685035977770', 80.25, 'riyoy1996');
Insert into Breezecard(BreezecardNum, Value, BelongsTo) Values('1325138309325420', 97.00, 'kellis');
Insert into Breezecard(BreezecardNum, Value, BelongsTo) Values('6411414737900960', 41.00, 'ashton.woods');
Insert into Breezecard(BreezecardNum, Value, BelongsTo) Values('9248324548250130', 12.75, 'sandrapatel');
Insert into Breezecard(BreezecardNum, Value, BelongsTo) Values('8753075721740010', 110.00, 'sandrapatel');
Insert into Breezecard(BreezecardNum, Value, BelongsTo) Values('7301442590825470', 6.00, 'sandrapatel');
Insert into Breezecard(BreezecardNum, Value, BelongsTo) Values('4769432303280540', 68.50, 'sandrapatel');
Insert into Breezecard(BreezecardNum, Value, BelongsTo) Values('4902965887533820', 79.75, 'sandrapatel');
Insert into Breezecard(BreezecardNum, Value, BelongsTo) Values('0475861680208144', 35.25, 'commuter14');
Insert into Breezecard(BreezecardNum, Value, BelongsTo) Values('5943709678229760', 133.50, 'commuter14');
Insert into Breezecard(BreezecardNum, Value, BelongsTo) Values('2613198031233340', 45.00, 'commuter14');
Insert into Breezecard(BreezecardNum, Value, BelongsTo) Values('2286669536044610', 0.50, 'commuter14');
Insert into Breezecard(BreezecardNum, Value, BelongsTo) Values('6424673176102560', 27.00, 'commuter14');
Insert into Breezecard(BreezecardNum, Value, BelongsTo) Values('4792323707679860', 34.00, 'commuter14');
Insert into Breezecard(BreezecardNum, Value, BelongsTo) Values('2006517782865770', 127.25, 'commuter14');
Insert into Breezecard(BreezecardNum, Value, BelongsTo) Values('3590098235166490', 16.25, 'commuter14');
Insert into Breezecard(BreezecardNum, Value, BelongsTo) Values('2275718423410130', 143.25, 'commuter14');
Insert into Breezecard(BreezecardNum, Value, BelongsTo) Values('8802558078528210', 42.25, 'busrider73');
Insert into Breezecard(BreezecardNum, Value, BelongsTo) Values('9712526903816770', 68.50, 'busrider73');
Insert into Breezecard(BreezecardNum, Value, BelongsTo) Values('6603808416168570', 41.50, 'busrider73');
Insert into Breezecard(BreezecardNum, Value, BelongsTo) Values('9286930794479390', 116.25, 'kellis');
Insert into Breezecard(BreezecardNum, Value) Values('0123456780987654', 140.25);
Insert into Breezecard(BreezecardNum, Value) Values('9876543212345670', 92.50);
Insert into Breezecard(BreezecardNum, Value, BelongsTo) Values('7534785562588930', 85.50, 'adinozzo');
Insert into Breezecard(BreezecardNum, Value) Values('3346822267258650', 113.00);
Insert into Breezecard(BreezecardNum, Value) Values('1258825691462690', 144.75);
Insert into Breezecard(BreezecardNum, Value) Values('4156771407939460', 110.50);
Insert into Breezecard(BreezecardNum, Value) Values('1156635952683150', 141.00);

Conflict:
Insert into Conflict(Username, BreezecardNum, DateTime) Values('sandrapatel', '0475861680208144', '2018-11-12 00:00:01');
Insert into Conflict(Username, BreezecardNum, DateTime) Values('kellis', '4769432303280540', '2017-10-23 16:21:49');
Insert into Conflict(Username, BreezecardNum, DateTime) Values('riyoy1996', '4769432303280540', '2017-10-24 07:31:12');

Station:

Insert into Station(StopID, Name, EnterFare, ClosedStatus, IsTrain) Values('N11', 'North Springs', 2.50, FALSE, TRUE);
Insert into Station(StopID, Name, EnterFare, ClosedStatus, IsTrain) Values('BUSN11', 'North Springs', 2.00, FALSE, FALSE);
Insert into Station(StopID, Name, EnterFare, ClosedStatus, IsTrain) Values('N10', 'Sandy Springs', 2.00, FALSE, TRUE);
Insert into Station(StopID, Name, EnterFare, ClosedStatus, IsTrain) Values('N9', 'Dunwoody', 3.00, FALSE, TRUE);
Insert into Station(StopID, Name, EnterFare, ClosedStatus, IsTrain) Values('N8', 'Medical Center', 4.00, FALSE, TRUE);
Insert into Station(StopID, Name, EnterFare, ClosedStatus, IsTrain) Values('N7', 'Buckhead', 1.00, FALSE, TRUE);
Insert into Station(StopID, Name, EnterFare, ClosedStatus, IsTrain) Values('N6', 'Lindbergh Center', 2.00, FALSE, TRUE);
Insert into Station(StopID, Name, EnterFare, ClosedStatus, IsTrain) Values('N5', 'Arts Center', 4.00, FALSE, TRUE);
Insert into Station(StopID, Name, EnterFare, ClosedStatus, IsTrain) Values('N4', 'Midtown', 5.00, FALSE, TRUE);
Insert into Station(StopID, Name, EnterFare, ClosedStatus, IsTrain) Values('BUSN4', 'Midtown', 5.00, FALSE, FALSE);
Insert into Station(StopID, Name, EnterFare, ClosedStatus, IsTrain) Values('N3', 'North Avenue', 3.00, FALSE, TRUE);
Insert into Station(StopID, Name, EnterFare, ClosedStatus, IsTrain) Values('N2', 'Civic Center', 4.00, FALSE, TRUE);
Insert into Station(StopID, Name, EnterFare, ClosedStatus, IsTrain) Values('N1', 'Peachtree Center', 6.00, FALSE, TRUE);
Insert into Station(StopID, Name, EnterFare, ClosedStatus, IsTrain) Values('FP', 'Five Points', 8.00, FALSE, TRUE);
Insert into Station(StopID, Name, EnterFare, ClosedStatus, IsTrain) Values('S1', 'Garnett', 10.00, FALSE, TRUE);
Insert into Station(StopID, Name, EnterFare, ClosedStatus, IsTrain) Values('S2', 'West End', 25.00, FALSE, TRUE);
Insert into Station(StopID, Name, EnterFare, ClosedStatus, IsTrain) Values('BUSS2', 'West End', 2.50, FALSE, FALSE);
Insert into Station(StopID, Name, EnterFare, ClosedStatus, IsTrain) Values('S3', 'Oakland City', 5.00, FALSE, TRUE);
Insert into Station(StopID, Name, EnterFare, ClosedStatus, IsTrain) Values('S4', 'Lakewood/Ft. McPherson', 2.50, TRUE, TRUE);
Insert into Station(StopID, Name, EnterFare, ClosedStatus, IsTrain) Values('S5', 'East Point', 2.50, FALSE, TRUE);
Insert into Station(StopID, Name, EnterFare, ClosedStatus, IsTrain) Values('S6', 'College Park', 2.50, FALSE, TRUE);
Insert into Station(StopID, Name, EnterFare, ClosedStatus, IsTrain) Values('S7', 'Atlanta Airport', 2.50, FALSE, TRUE);
Insert into Station(StopID, Name, EnterFare, ClosedStatus, IsTrain) Values('W5', 'Hamilton E. Holmes', 2.50, TRUE, TRUE);
Insert into Station(StopID, Name, EnterFare, ClosedStatus, IsTrain) Values('W4', 'West Lake', 2.50, FALSE, TRUE);
Insert into Station(StopID, Name, EnterFare, ClosedStatus, IsTrain) Values('W3', 'Ashby', 2.50, FALSE, TRUE);
Insert into Station(StopID, Name, EnterFare, ClosedStatus, IsTrain) Values('W2', 'Vine City', 2.50, FALSE, TRUE);
Insert into Station(StopID, Name, EnterFare, ClosedStatus, IsTrain) Values('W1', 'GA Dome, GA World Congress Center', 2.50, FALSE, TRUE);
Insert into Station(StopID, Name, EnterFare, ClosedStatus, IsTrain) Values('BUSDOME', 'Georgia Dome Bus Station', 4.00, FALSE, FALSE);
Insert into Station(StopID, Name, EnterFare, ClosedStatus, IsTrain) Values('E1', 'Georgia State', 2.50, FALSE, TRUE);
Insert into Station(StopID, Name, EnterFare, ClosedStatus, IsTrain) Values('E2', 'King Memorial', 2.50, FALSE, TRUE);
Insert into Station(StopID, Name, EnterFare, ClosedStatus, IsTrain) Values('E3', 'Inman Park/Reynolds Town', 2.50, FALSE, TRUE);
Insert into Station(StopID, Name, EnterFare, ClosedStatus, IsTrain) Values('E4', 'Edgewood/Candler Park', 2.50, FALSE, TRUE);
Insert into Station(StopID, Name, EnterFare, ClosedStatus, IsTrain) Values('E5', 'East Lake', 3.00, FALSE, TRUE);
Insert into Station(StopID, Name, EnterFare, ClosedStatus, IsTrain) Values('E6', 'Decatur', 2.50, FALSE, TRUE);
Insert into Station(StopID, Name, EnterFare, ClosedStatus, IsTrain) Values('E7', 'Avondale', 2.50, FALSE, TRUE);
Insert into Station(StopID, Name, EnterFare, ClosedStatus, IsTrain) Values('E8', 'Kensington', 3.00, FALSE, TRUE);
Insert into Station(StopID, Name, EnterFare, ClosedStatus, IsTrain) Values('E9', 'Indian Creek', 2.50, FALSE, TRUE);
Insert into Station(StopID, Name, EnterFare, ClosedStatus, IsTrain) Values('P4', 'Bankhead', 1.00, TRUE, TRUE);
Insert into Station(StopID, Name, EnterFare, ClosedStatus, IsTrain) Values('35161', 'Old Milton Pkwy - Park Bridge Pkwy', 2.00, TRUE, FALSE);
Insert into Station(StopID, Name, EnterFare, ClosedStatus, IsTrain) Values('31955', 'Old Milton Pkwy - North Point Pkwy', 2.00, FALSE, FALSE);
Insert into Station(StopID, Name, EnterFare, ClosedStatus, IsTrain) Values('95834', 'Old Milton Pkwy - Haynes Bridge Pkwy', 2.00, FALSE, FALSE);
Insert into Station(StopID, Name, EnterFare, ClosedStatus, IsTrain) Values('46612', 'Alpharetta Hwy - Commerce Pkwy', 2.00, FALSE, FALSE);


BusStation:

Insert into BusStation(StopID, Intersection) Values('BUSN11', 'Peachtree-Dunwoody Road');
Insert into BusStation(StopID) Values('BUSDOME');
Insert into BusStation(StopID, Intersection) Values('BUSN4', '10th Street');
Insert into BusStation(StopID) Values('BUSS2');
Insert into BusStation(StopID, Intersection) Values('35161', 'Park Bridge Pkwy');
Insert into BusStation(StopID, Intersection) Values('31955', 'North Point Pkwy');
Insert into BusStation(StopID, Intersection) Values('95834', 'Haynes Bridge Pkwy');
Insert into BusStation(StopID, Intersection) Values('46612', 'Commerce Pkwy');


Trip:
Insert into Trip(Tripfare, StartTime, BreezecardNum, StartsAt, EndsAt) Values(2.75, '2017-11-05 16:21:49', '0524807425551662', 'N11', 'N4');
Insert into Trip(Tripfare, StartTime, BreezecardNum, StartsAt, EndsAt) Values(1.50, '2017-11-03 09:44:11', '0524807425551662', 'N4', 'N11');
Insert into Trip(Tripfare, StartTime, BreezecardNum, StartsAt, EndsAt) Values(10.50, '2017-11-02 13:11:11', '1788613719481390', 'BUSDOME', 'BUSN11');
Insert into Trip(Tripfare, StartTime, BreezecardNum, StartsAt, EndsAt) Values(4.00, '2017-11-02 13:11:11', '2792083965359460', '31955', '46612');
Insert into Trip(Tripfare, StartTime, BreezecardNum, StartsAt, EndsAt) Values(2.00, '2017-10-31 22:33:10', '0524807425551662', 'S7', 'N4');
Insert into Trip(Tripfare, StartTime, BreezecardNum, StartsAt, EndsAt) Values(3.50, '2017-10-31 22:31:10', '7792685035977770', 'E1', 'N3');
Insert into Trip(Tripfare, StartTime, BreezecardNum, StartsAt, EndsAt) Values(1.00, '2017-10-31 21:30:00', '1325138309325420', 'FP', NULL);
Insert into Trip(Tripfare, StartTime, BreezecardNum, StartsAt, EndsAt) Values(3.50, '2017-10-28 22:30:10', '6411414737900960', 'N11', 'N4');
Insert into Trip(Tripfare, StartTime, BreezecardNum, StartsAt, EndsAt) Values(1.50, '2017-10-28 22:11:13', '9248324548250130', 'N4', 'N11');
Insert into Trip(Tripfare, StartTime, BreezecardNum, StartsAt, EndsAt) Values(1.00, '2017-10-27 09:40:11', '8753075721740010', 'N3', 'N4');
Insert into Trip(Tripfare, StartTime, BreezecardNum, StartsAt, EndsAt) Values(9.00, '2017-10-27 04:31:30', '7301442590825470', 'N4', 'S7');
Insert into Trip(Tripfare, StartTime, BreezecardNum, StartsAt, EndsAt) Values(1.50, '2017-10-10 00:00:00', '7534785562588930', 'BUSS2', 'BUSDOME');









